{
  "doca_mean": 0.5610752105712891,
  "doca_std": 0.42361414432525635,
  "xo_mean": -29.67517852783203,
  "xo_std": 50.74209976196289,
  "yo_mean": -64.8499984741211,
  "yo_std": 34.379852294921875,
  "xe_mean": -30.293638229370117,
  "xe_std": 50.385536193847656,
  "ye_mean": 65.13658142089844,
  "ye_std": 34.1790885925293,
  "z_mean": 372.0041198730469,
  "z_std": 111.64522552490234
}