{
  "doca_mean": 0.5294907093048096,
  "doca_std": 0.40272676944732666,
  "xm_mean": -45.77199935913086,
  "xm_std": 47.92820358276367,
  "xr_mean": -45.744693756103516,
  "xr_std": 48.37902069091797,
  "yr_mean": 57.33681869506836,
  "yr_std": 32.64519119262695,
  "z_mean": 373.0463562011719,
  "z_std": 111.54994201660156
}