{
  "doca_mean": 0.5466122031211853,
  "doca_std": 0.43388986587524414,
  "xo_mean": -42.977909088134766,
  "xo_std": 49.821861267089844,
  "yo_mean": -58.43279266357422,
  "yo_std": 33.275428771972656,
  "xe_mean": -43.62375259399414,
  "xe_std": 49.43863296508789,
  "ye_mean": 58.63931655883789,
  "ye_std": 33.04533767700195,
  "z_mean": 373.96337890625,
  "z_std": 111.51114654541016
}