{
  "doca_mean": 0.5476787686347961,
  "doca_std": 0.43484580516815186,
  "xm_mean": -39.37778854370117,
  "xm_std": 51.83236312866211,
  "xr_mean": -39.375457763671875,
  "xr_std": 52.26445770263672,
  "yr_mean": 60.90565490722656,
  "yr_std": 35.65592956542969,
  "z_mean": 374.2586669921875,
  "z_std": 111.37744140625
}