{
  "doca_mean": 0.5338572859764099,
  "doca_std": 0.40085428953170776,
  "xm_mean": -59.23650360107422,
  "xm_std": 51.385536193847656,
  "xr_mean": -59.200584411621094,
  "xr_std": 51.84046173095703,
  "yr_mean": 50.13638687133789,
  "yr_std": 31.498201370239258,
  "z_mean": 372.05792236328125,
  "z_std": 111.50028991699219
}