{
  "q": [
    0.3177407383918762,
    0.948177695274353
  ],
  "px": [
    -0.3647162616252899,
    0.5022602081298828
  ],
  "py": [
    0.0020115324296057224,
    0.12173141539096832
  ],
  "pz": [
    1.9432861804962158,
    1.5201992988586426
  ],
  "vx": [
    -31.558351516723633,
    29.108488082885742
  ],
  "vy": [
    0.06529391556978226,
    18.07695770263672
  ]
}