{
  "q": [
    0.23229868710041046,
    0.972644567489624
  ],
  "px": [
    -0.2878643572330475,
    0.4449234902858734
  ],
  "py": [
    -0.0116964653134346,
    0.1485392302274704
  ],
  "pz": [
    1.9898327589035034,
    1.4801132678985596
  ],
  "vx": [
    -21.455257415771484,
    27.390832901000977
  ],
  "vy": [
    -0.9535406827926636,
    20.46506118774414
  ]
}