{
  "vx": [
    -31.558351516723633,
    29.108488082885742
  ],
  "vy": [
    0.06529391556978226,
    18.07695770263672
  ],
  "tx": [
    -0.14708326756954193,
    0.12155942618846893
  ],
  "ty": [
    0.00200253794901073,
    0.07600096613168716
  ],
  "Q": [
    0.28203505277633667,
    0.7611687183380127
  ]
}