{
  "vx": [
    -31.87196922302246,
    30.66571044921875
  ],
  "vy": [
    -0.1232960969209671,
    18.169864654541016
  ],
  "tx": [
    -0.13007023930549622,
    0.14433860778808594
  ],
  "ty": [
    0.0016258867690339684,
    0.08302020281553268
  ],
  "Q": [
    0.3481689989566803,
    0.7989562153816223
  ]
}