{
  "x": [
    -39.44610595703125,
    33.73342514038086
  ],
  "y": [
    0.17583228647708893,
    17.22677993774414
  ],
  "tx": [
    -0.18047817051410675,
    0.1407109498977661
  ],
  "ty": [
    0.0014163270825520158,
    0.07244936376810074
  ],
  "Q": [
    -0.08232064545154572,
    0.7227388620376587
  ]
}