{
  "x": [
    -33.564308166503906,
    28.667490005493164
  ],
  "y": [
    0.010787424631416798,
    17.76112937927246
  ],
  "tx": [
    -0.15567795932292938,
    0.11940811574459076
  ],
  "ty": [
    0.00177552190143615,
    0.0744602382183075
  ],
  "Q": [
    0.31753072142601013,
    0.741851270198822
  ]
}